{
    "mean_ious": 0.9546546279117706,
    "per_class_ious": {
        "Player": 1.0,
        "Ball": 0.992248062015504,
        "PlayerScore": 0.47028571428571425,
        "PlayerRound": 1.0,
        "Player2Round": 1.0,
        "Pin": 1.0
    },
    "only_in_ram": {},
    "only_in_vision": {
        "Pin": "163/100"
    }
}