{
    "mean_ious": 0.9383543704496036,
    "per_class_ious": {
        "Player": 0.8149853334046724,
        "Child": 0.9533333333333333,
        "Fruit": 0.9090909090909087,
        "Bell": 1.0,
        "Score": 0.9979166666666666,
        "Life": 1.0,
        "Time": 1.0,
        "Enemy": 0.90819050823639,
        "Projectile_top": 0.8221288515406162,
        "Projectile_enemy": 0.3333333333333333
    },
    "only_in_ram": {},
    "only_in_vision": {
        "Time": "28/100"
    }
}