{
    "mean_ious": 0.8195920188450103,
    "per_class_ious": {
        "Player": 0.654125080593166,
        "Logo": 1.0,
        "Tree": 0.7783875989914556,
        "Mogul": 0.8285059523809525,
        "Flag": 0.8712755430452808
    },
    "only_in_ram": {},
    "only_in_vision": {
        "Flag": "692/100",
        "Mogul": "146/100",
        "Tree": "92/100"
    }
}