{
    "mean_ious": 0.9983494826712388,
    "per_class_ious": {
        "Player": 0.9834895833333333,
        "Ball": 0.9913921826965306,
        "PlayerScore": 1.0,
        "PlayerRound": 1.0,
        "Player2Round": 1.0,
        "Pin": 1.0
    },
    "only_in_ram": {
        "Pin": "3/100"
    },
    "only_in_vision": {
        "Pin": "2/100"
    }
}