{
    "mean_ious": 0.7735512899798617,
    "per_class_ious": {
        "Ball": 0.9566798941798942,
        "PlayerScore": 0.40836940836940844,
        "PlayerRound": 1.0,
        "Player2Round": 1.0,
        "Pin": 0.75
    },
    "only_in_ram": {},
    "only_in_vision": {
        "Pin": "558/100",
        "Player2Round": "16/100"
    }
}