{
    "mean_ious": 0.8718778191445964,
    "per_class_ious": {
        "Player": 1.0,
        "PlayerScore": 0.7777777777777776,
        "Rabbit": 0.9757818930041152,
        "Duck": 0.9682899305555555,
        "ExtraBullets": 0.9698660714285714,
        "Owl": 0.981276371308017,
        "Wheel": 0.701190476190476,
        "AmmoBar": 0.999597423510467,
        "PlayerMissile": 0.10497847576530611,
        "FlyingDuck": 0.8145237881575208
    },
    "only_in_ram": {
        "AmmoBar": "83/100",
        "Wheel": "19/100"
    },
    "only_in_vision": {
        "AmmoBar": "149/100",
        "Wheel": "16/100"
    }
}