{
    "mean_ious": NaN,
    "per_class_ious": {
        "Logo": 1.0,
        "Player": 0.6445067184450367,
        "Enemy": 0.7726395726640822,
        "PlayerScore": 0.8806598806598808,
        "PlayerMissile": 0.6767676767676767,
        "EnemyMissile": 0.8263888888888888
    },
    "only_in_ram": {
        "PlayerScore": "49/100",
        "Logo": "24/100"
    },
    "only_in_vision": {
        "PlayerScore": "21/100"
    }
}