{
    "mean_ious": 0.9568035361463934,
    "per_class_ious": {
        "Player": 0.9841666666666665,
        "Ball": 0.9740537240537239,
        "PlayerScore": 0.4942857142857142,
        "PlayerRound": 1.0,
        "Player2Round": 1.0,
        "Pin": 1.0
    },
    "only_in_ram": {},
    "only_in_vision": {
        "Pin": "169/100"
    }
}