{
    "mean_ious": 0.9078511639583173,
    "per_class_ious": {
        "Player": 1.0,
        "PlayerScore": 1.0,
        "Rabbit": 0.968574074074074,
        "Duck": 0.9575544662309369,
        "ExtraBullets": 0.9963235294117647,
        "Owl": 0.9850734355044699,
        "Wheel": 0.907857142857143,
        "AmmoBar": 0.9995366079703428,
        "PlayerMissile": 0.10496598639455783,
        "FlyingDuck": 0.8110368801260116
    },
    "only_in_ram": {
        "AmmoBar": "69/100",
        "Wheel": "44/100"
    },
    "only_in_vision": {
        "AmmoBar": "88/100",
        "Wheel": "24/100"
    }
}