{
    "mean_ious": 0.7296586145141817,
    "per_class_ious": {
        "PlayerShoes": 0.2756944444444444,
        "PlayerTorso": 0.4453423120089787,
        "PlayerHead": 0.9674285714285713,
        "Ball": 0.9586389961389962,
        "PlayerScore": 0.4285714285714286,
        "PlayerRound": 1.0,
        "Player2Round": 1.0,
        "Pin": 0.75
    },
    "only_in_ram": {},
    "only_in_vision": {
        "Pin": "264/100"
    }
}